Series Description,"Consumer loans, large domestically chartered commercial banks, seasonally adjusted","Consumer loans, small domestically chartered commercial banks, seasonally adjusted","Real estate loans, large domestically chartered commercial banks, seasonally adjusted","Real estate loans, small domestically chartered commercial banks, seasonally adjusted",,,,,Series Description
Unit:,Currency,Currency,Currency,Currency,,,,,Unit:
Multiplier:,1000000,1000000,1000000,1000000,,,,,Multiplier:
Currency:,USD,USD,USD,USD,,,,,Currency:
Unique Identifier: ,H8/H8/B1029NLGA,H8/H8/B1029NSMA,H8/H8/B1026NLGA,H8/H8/B1026NSMA,,,,,Unique Identifier: 
Time Period,B1029NLGA,B1029NSMA,B1026NLGA,B1026NSMA,,,,,Time Period
1/2/2019,1178461.5,318775.5,2393272.1,1947364.6,RoC CL ,ROC CL S,RoC RE ,RoC RE S,1/2/2019
1/9/2019,1180598.9,319897.9,2389726.6,1949976.3,-2137.4,-1122.4,3545.5,-2611.7,1/9/2019
1/16/2019,1180133.7,319839.1,2393654.4,1951749.7,465.2,58.8,-3927.8,-1773.4,1/16/2019
1/23/2019,1181915.2,320435.8,2397433,1954072.6,-1781.5,-596.7,-3778.6,-2322.9,1/23/2019
1/30/2019,1185486.4,321216.6,2393410.6,1956403.3,-3571.2,-780.8,4022.4,-2330.7,1/30/2019
2/6/2019,1185269.9,321620.3,2392064.6,1958394.1,216.5,-403.7,1346,-1990.8,2/6/2019
2/13/2019,1186574.1,320944.4,2392919.9,1959530.7,-1304.2,675.9,-855.3,-1136.6,2/13/2019
2/20/2019,1188127,321348.2,2398319.1,1968033.7,-1552.9,-403.8,-5399.2,-8503,2/20/2019
2/27/2019,1190442.7,321751.2,2400484.7,1966265,-2315.7,-403,-2165.6,1768.7,2/27/2019
3/6/2019,1189505.1,322324.6,2397815.9,1968974.3,937.6,-573.4,2668.8,-2709.3,3/6/2019
3/13/2019,1191348.7,322720.5,2399420.2,1968132.3,-1843.6,-395.9,-1604.3,842,3/13/2019
3/20/2019,1193672.2,322771.2,2407071.3,1972017.3,-2323.5,-50.7,-7651.1,-3885,3/20/2019
3/27/2019,1195262.2,322913,2398190.4,1973530.5,-1590,-141.8,8880.9,-1513.2,3/27/2019
4/3/2019,1198049.4,322391.8,2398520.6,1980312.7,-2787.2,521.2,-330.2,-6782.2,4/3/2019
4/10/2019,1198748,322770.8,2392130,1981422.8,-698.6,-379,6390.6,-1110.1,4/10/2019
4/17/2019,1200338.6,323468.3,2400441.7,1985347.5,-1590.6,-697.5,-8311.7,-3924.7,4/17/2019
4/24/2019,1200967.9,323998.1,2404169.5,1988351.5,-629.3,-529.8,-3727.8,-3004,4/24/2019
5/1/2019,1202621.9,325414.7,2408409,1996211.7,-1654,-1416.6,-4239.5,-7860.2,5/1/2019
5/8/2019,1204582.5,327132.6,2405518.5,1997412.2,-1960.6,-1717.9,2890.5,-1200.5,5/8/2019
5/15/2019,1203619.5,328034.2,2406435.8,1999033.8,963,-901.6,-917.3,-1621.6,5/15/2019
5/22/2019,1204619.4,328570.4,2409165.2,2003978.3,-999.9,-536.2,-2729.4,-4944.5,5/22/2019
5/29/2019,1208544.8,329478.3,2406203.7,2005967.8,-3925.4,-907.9,2961.5,-1989.5,5/29/2019
6/5/2019,1208406.7,329821.1,2405886.3,2008913,138.1,-342.8,317.4,-2945.2,6/5/2019
6/12/2019,1209694.9,330628.6,2409586.8,2011637,-1288.2,-807.5,-3700.5,-2724,6/12/2019
6/19/2019,1209216.9,330999.3,2408161.7,2015207,478,-370.7,1425.1,-3570,6/19/2019
6/26/2019,1208962,330911.4,2403484.9,2014537.4,254.9,87.9,4676.8,669.6,6/26/2019
7/3/2019,1208831.8,331444,2406692.7,2015413.9,130.2,-532.6,-3207.8,-876.5,7/3/2019
7/10/2019,1210464.4,333045.2,2404431.6,2017638.2,-1632.6,-1601.2,2261.1,-2224.3,7/10/2019
7/17/2019,1210457.7,334080.3,2406239,2019389.7,6.7,-1035.1,-1807.4,-1751.5,7/17/2019
7/24/2019,1212556.1,333928.3,2407053.5,2023256.3,-2098.4,152,-814.5,-3866.6,7/24/2019
7/31/2019,1216290.4,335004.5,2407731.8,2029359,-3734.3,-1076.2,-678.3,-6102.7,7/31/2019
8/7/2019,1217955.3,334918.2,2403807.8,2031626.8,-1664.9,86.3,3924,-2267.8,8/7/2019
8/14/2019,1219290.6,335127,2400062.4,2033343.6,-1335.3,-208.8,3745.4,-1716.8,8/14/2019
8/21/2019,1221545.9,335255.1,2408299.8,2036836.4,-2255.3,-128.1,-8237.4,-3492.8,8/21/2019
8/28/2019,1221735.3,334783.6,2396947.1,2036536.9,-189.4,471.5,11352.7,299.5,8/28/2019
9/4/2019,1224556,334984.9,2402029.2,2037387.9,-2820.7,-201.3,-5082.1,-851,9/4/2019
9/11/2019,1224193.8,335264.9,2409357.6,2037406.3,362.2,-280,-7328.4,-18.4,9/11/2019
9/18/2019,1225799,335730,2407790.3,2041343.1,-1605.2,-465.1,1567.3,-3936.8,9/18/2019
9/25/2019,1225925.5,335921.8,2412938.6,2042357,-126.5,-191.8,-5148.3,-1013.9,9/25/2019
10/2/2019,1226406.5,336050.5,2413765,2040868.2,-481,-128.7,-826.4,1488.8,10/2/2019
10/9/2019,1227606,336787.4,2413773,2043627.4,-1199.5,-736.9,-8,-2759.2,10/9/2019
10/16/2019,1235403.3,337246.2,2415257.5,2047129.7,-7797.3,-458.8,-1484.5,-3502.3,10/16/2019
10/23/2019,1237024.9,337114.6,2418805,2050139.2,-1621.6,131.6,-3547.5,-3009.5,10/23/2019
10/30/2019,1240262.5,337142.8,2424614.7,2051308.2,-3237.6,-28.2,-5809.7,-1169,10/30/2019
11/6/2019,1240813.1,337574,2425304.9,2057806.1,-550.6,-431.2,-690.2,-6497.9,11/6/2019
11/13/2019,1242386.2,337962.6,2420741.1,2060201.3,-1573.1,-388.6,4563.8,-2395.2,11/13/2019
11/20/2019,1241756.6,338424.5,2428889,2062992.3,629.6,-461.9,-8147.9,-2791,11/20/2019
11/27/2019,1239540.1,337228.8,2441335,2066238.6,2216.5,1195.7,-12446,-3246.3,11/27/2019
12/4/2019,1242618.3,337988.7,2438115.3,2071421.3,-3078.2,-759.9,3219.7,-5182.7,12/4/2019
12/11/2019,1245440.8,338743.2,2443013.7,2094457.3,-2822.5,-754.5,-4898.4,-23036,12/11/2019
12/18/2019,1244391.1,337729.4,2429627.5,2094792.9,1049.7,1013.8,13386.2,-335.6,12/18/2019
12/25/2019,1250530.4,337686,2432172.6,2095893.9,-6139.3,43.4,-2545.1,-1101,12/25/2019
1/1/2020,1250919.3,338383.7,2436550.4,2098493.6,-388.9,-697.7,-4377.8,-2599.7,1/1/2020
1/8/2020,1251765.1,340174.1,2436832.9,2098764.2,-845.8,-1790.4,-282.5,-270.6,1/8/2020
1/15/2020,1251699.9,340280.6,2433449.1,2101006.6,65.2,-106.5,3383.8,-2242.4,1/15/2020
1/22/2020,1253891.4,340630.7,2439638.5,2102120.5,-2191.5,-350.1,-6189.4,-1113.9,1/22/2020
1/29/2020,1256510.6,340220,2442803.7,2104734.8,-2619.2,410.7,-3165.2,-2614.3,1/29/2020
2/5/2020,1256105,340620.7,2442223,2109336.5,405.6,-400.7,580.7,-4601.7,2/5/2020
2/12/2020,1256295.2,341045,2432617.1,2112634.8,-190.2,-424.3,9605.9,-3298.3,2/12/2020
2/19/2020,1258049.1,341561.9,2439521,2114800.5,-1753.9,-516.9,-6903.9,-2165.7,2/19/2020
2/26/2020,1260795.7,340625.9,2432938.6,2122847.1,-2746.6,936,6582.4,-8046.6,2/26/2020
3/4/2020,1268045.2,340649.7,2436078.9,2125687.3,-7249.5,-23.8,-3140.3,-2840.2,3/4/2020
3/11/2020,1268404.2,340184.3,2440382,2128681,-359,465.4,-4303.1,-2993.7,3/11/2020
3/18/2020,1269202.4,340217,2440733.3,2133789.4,-798.2,-32.7,-351.3,-5108.4,3/18/2020
3/25/2020,1260547,338114,2446958.4,2137995.3,8655.4,2103,-6225.1,-4205.9,3/25/2020
4/1/2020,1251664.9,336570.6,2449309,2141208,8882.1,1543.4,-2350.6,-3212.7,4/1/2020
4/8/2020,1237220.8,334106.7,2452495.3,2146358.8,14444.1,2463.9,-3186.3,-5150.8,4/8/2020
4/15/2020,1221167,332196.5,2449084.7,2150307.3,16053.8,1910.2,3410.6,-3948.5,4/15/2020
4/22/2020,1205344.4,329626.8,2443248.2,2153413.7,15822.6,2569.7,5836.5,-3106.4,4/22/2020
4/29/2020,1201033.8,329989.4,2441453.5,2155724.7,4310.6,-362.6,1794.7,-2311,4/29/2020
5/6/2020,1194088,330609.7,2436442.3,2156017.9,6945.8,-620.3,5011.2,-293.2,5/6/2020
5/13/2020,1190268.3,330259.1,2436421.1,2157741.8,3819.7,350.6,21.2,-1723.9,5/13/2020
5/20/2020,1186934.5,330120.8,2441111.1,2154170.1,3333.8,138.3,-4690,3571.7,5/20/2020
5/27/2020,1185424.6,329064.4,2437293.1,2154771.4,1509.9,1056.4,3818,-601.3,5/27/2020
6/3/2020,1184773,328375.1,2440019.8,2150027,651.6,689.3,-2726.7,4744.4,6/3/2020
6/10/2020,1184441.9,328751.3,2438093.1,2150363.8,331.1,-376.2,1926.7,-336.8,6/10/2020
6/17/2020,1183247.6,328249.9,2439151.1,2151544.2,1194.3,501.4,-1058,-1180.4,6/17/2020
6/24/2020,1182944.2,327555.2,2439032.5,2151655.1,303.4,694.7,118.6,-110.9,6/24/2020
7/1/2020,1182192.4,327341.9,2444327.5,2155828.1,751.8,213.3,-5295,-4173,7/1/2020
7/8/2020,1184790.6,328637.5,2454804.4,2156418.2,-2598.2,-1295.6,-10476.9,-590.1,7/8/2020
7/15/2020,1184787.2,329551.9,2447450.2,2159282.2,3.4,-914.4,7354.2,-2864,7/15/2020
7/22/2020,1184437.1,329012.4,2445099.2,2160871.9,350.1,539.5,2351,-1589.7,7/22/2020
7/29/2020,1184125.9,328793.4,2442161.1,2160365.8,311.2,219,2938.1,506.1,7/29/2020
8/5/2020,1183724.7,328332.9,2443450.5,2159424.8,401.2,460.5,-1289.4,941,8/5/2020
8/12/2020,1183329.4,327331.5,2449294.9,2161513.1,395.3,1001.4,-5844.4,-2088.3,8/12/2020
8/19/2020,1183431.1,327662.6,2434345.5,2164050.2,-101.7,-331.1,14949.4,-2537.1,8/19/2020
8/26/2020,1182485.4,327498.4,2437390.8,2160789.4,945.7,164.2,-3045.3,3260.8,8/26/2020
9/2/2020,1181147.3,327493.8,2428119.2,2162042.6,1338.1,4.6,9271.6,-1253.2,9/2/2020
9/9/2020,1182379.3,328338.8,2427833.5,2164655.2,-1232,-845,285.7,-2612.6,9/9/2020
9/16/2020,1182927.4,328410.6,2429382.5,2166328.2,-548.1,-71.8,-1549,-1673,9/16/2020
9/23/2020,1181956.1,328514.7,2429542,2166379.1,971.3,-104.1,-159.5,-50.9,9/23/2020
9/30/2020,1183501.5,328704,2428457.3,2170273.8,-1545.4,-189.3,1084.7,-3894.7,9/30/2020
10/7/2020,1182118.8,328636.5,2426410.6,2170272.2,1382.7,67.5,2046.7,1.6,10/7/2020
10/14/2020,1183630.4,328259,2413027.5,2170735.2,-1511.6,377.5,13383.1,-463,10/14/2020
10/21/2020,1185189.5,328214.8,2415125,2171503.4,-1559.1,44.2,-2097.5,-768.2,10/21/2020
10/28/2020,1184907,328211,2408202.3,2170504.8,282.5,3.8,6922.7,998.6,10/28/2020
11/4/2020,1186390.6,328456.4,2409735.8,2169493.4,-1483.6,-245.4,-1533.5,1011.4,11/4/2020
11/11/2020,1187151.3,328043.1,2411935.1,2170884.2,-760.7,413.3,-2199.3,-1390.8,11/11/2020
11/18/2020,1185237.1,328279.2,2398722.2,2170689.3,1914.2,-236.1,13212.9,194.9,11/18/2020
11/25/2020,1185891.8,328596.6,2390499.2,2169991,-654.7,-317.4,8223,698.3,11/25/2020
12/2/2020,1184737.1,328349.2,2385565.1,2169702.3,1154.7,247.4,4934.1,288.7,12/2/2020
12/9/2020,1187900.2,328804.5,2383040,2171478.6,-3163.1,-455.3,2525.1,-1776.3,12/9/2020
12/16/2020,1187928.5,329625.6,2381672.6,2174943.2,-28.3,-821.1,1367.4,-3464.6,12/16/2020
12/23/2020,1189409.7,330446.6,2384830.4,2175004.8,-1481.2,-821,-3157.8,-61.6,12/23/2020
12/30/2020,1187792.1,330573.3,2383982.3,2176665.2,1617.6,-126.7,848.1,-1660.4,12/30/2020
1/6/2021,1190890.9,330392.3,2394983.3,2181747.6,-3098.8,181,-11001,-5082.4,1/6/2021
1/13/2021,1190554.6,328126.7,2402253.6,2184423.3,336.3,2265.6,-7270.3,-2675.7,1/13/2021
1/20/2021,1191365.7,329901,2391693.1,2186319.1,-811.1,-1774.3,10560.5,-1895.8,1/20/2021
1/27/2021,1190359.5,330131.5,2386712.2,2188268.2,1006.2,-230.5,4980.9,-1949.1,1/27/2021
2/3/2021,1190396.7,329978.9,2385001.5,2189763.5,-37.2,152.6,1710.7,-1495.3,2/3/2021
2/10/2021,1191749.5,330993.7,2388813.2,2192397.9,-1352.8,-1014.8,-3811.7,-2634.4,2/10/2021
2/17/2021,1191333.2,331957.5,2372825.3,2194599.5,416.3,-963.8,15987.9,-2201.6,2/17/2021
2/24/2021,1190478.3,332915.7,2367018.1,2197410.2,854.9,-958.2,5807.2,-2810.7,2/24/2021
3/3/2021,1192222.2,334394.4,2369151.9,2197377,-1743.9,-1478.7,-2133.8,33.2,3/3/2021
3/10/2021,1190907.8,335587.2,2371488.3,2198210.7,1314.4,-1192.8,-2336.4,-833.7,3/10/2021
3/17/2021,1191073.9,335952.2,2359758.6,2200138.4,-166.1,-365,11729.7,-1927.7,3/17/2021
3/24/2021,1186539,336598.1,2359835.9,2202816.5,4534.9,-645.9,-77.3,-2678.1,3/24/2021
3/31/2021,1190361.2,336613.9,2352456.2,2211614.6,-3822.2,-15.8,7379.7,-8798.1,3/31/2021
4/7/2021,1189903.8,334646,2357139.5,2214966.3,457.4,1967.9,-4683.3,-3351.7,4/7/2021
4/14/2021,1186726.6,335470,2350620.1,2217260.7,3177.2,-824,6519.4,-2294.4,4/14/2021
4/21/2021,1187486.9,335925.5,2341178.2,2216279.5,-760.3,-455.5,9441.9,981.2,4/21/2021
4/28/2021,1191784.9,338210.1,2338559.7,2219009.8,-4298,-2284.6,2618.5,-2730.3,4/28/2021
5/5/2021,1192552.4,339372.1,2336524.3,2220651.5,-767.5,-1162,2035.4,-1641.7,5/5/2021
5/12/2021,1197956.7,341765.5,2340803.8,2222829.8,-5404.3,-2393.4,-4279.5,-2178.3,5/12/2021
5/19/2021,1202076.4,344099.4,2331474.5,2225569.8,-4119.7,-2333.9,9329.3,-2740,5/19/2021
5/26/2021,1206231.4,345779.1,2324799.5,2230333.3,-4155,-1679.7,6675,-4763.5,5/26/2021
6/2/2021,1207316.7,344709,2321475,2233033.3,-1085.3,1070.1,3324.5,-2700,6/2/2021
6/9/2021,1209563.3,345291.1,2327599.6,2238573.6,-2246.6,-582.1,-6124.6,-5540.3,6/9/2021
6/16/2021,1211171,345843,2329766.2,2240158.3,-1607.7,-551.9,-2166.6,-1584.7,6/16/2021
6/23/2021,1214601.9,346814.1,2331935.9,2242860.7,-3430.9,-971.1,-2169.7,-2702.4,6/23/2021
6/30/2021,1217939.6,349939.1,2329045.2,2248045.2,-3337.7,-3125,2890.7,-5184.5,6/30/2021
7/7/2021,1218097.1,350623.8,2328626.8,2248904.4,-157.5,-684.7,418.4,-859.2,7/7/2021
7/14/2021,1219943.3,351321,2322736.1,2254197.8,-1846.2,-697.2,5890.7,-5293.4,7/14/2021
7/21/2021,1222863,352456,2329661.4,2256856.2,-2919.7,-1135,-6925.3,-2658.4,7/21/2021
7/28/2021,1224989.8,353538.5,2336581.3,2261201.8,-2126.8,-1082.5,-6919.9,-4345.6,7/28/2021
8/4/2021,1228019.8,353918.7,2338066.5,2264007,-3030,-380.2,-1485.2,-2805.2,8/4/2021
8/11/2021,1231286.9,354434.2,2341650.1,2267974.1,-3267.1,-515.5,-3583.6,-3967.1,8/11/2021
8/18/2021,1235007.3,355001,2337963.4,2270565.1,-3720.4,-566.8,3686.7,-2591,8/18/2021
8/25/2021,1235546.6,354903,2336851.8,2278334.4,-539.3,98,1111.6,-7769.3,8/25/2021
9/1/2021,1236832.3,355089.8,2337647.7,2278168,-1285.7,-186.8,-795.9,166.4,9/1/2021
9/8/2021,1238884.3,355005.2,2339558.8,2280868.3,-2052,84.6,-1911.1,-2700.3,9/8/2021
9/15/2021,1238451.3,355508.1,2339063.2,2283510,433,-502.9,495.6,-2641.7,9/15/2021
9/22/2021,1240170.4,356668.5,2343935.3,2284622.1,-1719.1,-1160.4,-4872.1,-1112.1,9/22/2021
9/29/2021,1245906.3,359042.8,2343732.7,2287944.1,-5735.9,-2374.3,202.6,-3322,9/29/2021
10/6/2021,1245744,358413.3,2346485.3,2288651.9,162.3,629.5,-2752.6,-707.8,10/6/2021
10/13/2021,1250700.3,359126.9,2352550.1,2293982.3,-4956.3,-713.6,-6064.8,-5330.4,10/13/2021
10/20/2021,1251938.8,360382.2,2350650.5,2298425.7,-1238.5,-1255.3,1899.6,-4443.4,10/20/2021
10/27/2021,1255331.2,361668.9,2349705.9,2301058.4,-3392.4,-1286.7,944.6,-2632.7,10/27/2021
11/3/2021,1257047.4,361942.3,2350233.6,2310211.7,-1716.2,-273.4,-527.7,-9153.3,11/3/2021
11/10/2021,1259978,363492.5,2344560.8,2314862.2,-2930.6,-1550.2,5672.8,-4650.5,11/10/2021
11/17/2021,1263797.4,364701.3,2355731.7,2325647.3,-3819.4,-1208.8,-11170.9,-10785.1,11/17/2021
11/24/2021,1268821.4,365368.5,2354685,2330229,-5024,-667.2,1046.7,-4581.7,11/24/2021
12/1/2021,1272059.2,366547.3,2355217.5,2332211.1,-3237.8,-1178.8,-532.5,-1982.1,12/1/2021
12/8/2021,1274005.1,367034.5,2355906.3,2335888.1,-1945.9,-487.2,-688.8,-3677,12/8/2021
12/15/2021,1275699,367705.9,2357143.2,2339223.7,-1693.9,-671.4,-1236.9,-3335.6,12/15/2021
12/22/2021,1278954.4,368798.1,2355820.3,2344324.7,-3255.4,-1092.2,1322.9,-5101,12/22/2021
12/29/2021,1281334.6,369081.2,2364403.4,2348706.8,-2380.2,-283.1,-8583.1,-4382.1,12/29/2021
1/5/2022,1283257,368539.1,2363122,2348443.8,-1922.4,542.1,1281.4,263,1/5/2022
1/12/2022,1285800.1,370277.5,2370060,2353015.7,-2543.1,-1738.4,-6938,-4571.9,1/12/2022
1/19/2022,1289375,370877.9,2362692.2,2357892.7,-3574.9,-600.4,7367.8,-4877,1/19/2022
1/26/2022,1291055.8,371914.5,2366427.8,2363404.6,-1680.8,-1036.6,-3735.6,-5511.9,1/26/2022
2/2/2022,1294376.2,372686,2365236.1,2366507.9,-3320.4,-771.5,1191.7,-3103.3,2/2/2022
2/9/2022,1297151.7,373418.7,2370576.6,2373188.5,-2775.5,-732.7,-5340.5,-6680.6,2/9/2022
2/16/2022,1299244.8,374365.1,2368582.4,2376938.1,-2093.1,-946.4,1994.2,-3749.6,2/16/2022
2/23/2022,1304305.9,376340.5,2367936.6,2383542.4,-5061.1,-1975.4,645.8,-6604.3,2/23/2022
3/2/2022,1307405.4,378267.9,2370498.6,2390498.1,-3099.5,-1927.4,-2562,-6955.7,3/2/2022
3/9/2022,1310275.2,380114.6,2374668.8,2395852.2,-2869.8,-1846.7,-4170.2,-5354.1,3/9/2022
3/16/2022,1313433,381476.7,2373886.7,2399501.7,-3157.8,-1362.1,782.1,-3649.5,3/16/2022
3/23/2022,1320041.8,383390.7,2379335,2406226.9,-6608.8,-1914,-5448.3,-6725.2,3/23/2022
3/30/2022,1328637.3,387633.4,2384939.3,2413982.5,-8595.5,-4242.7,-5604.3,-7755.6,3/30/2022
4/6/2022,1328911.4,386509.1,2391944.6,2417327.3,-274.1,1124.3,-7005.3,-3344.8,4/6/2022
4/13/2022,1335603.3,387427.8,2393265.5,2427359.9,-6691.9,-918.7,-1320.9,-10032.6,4/13/2022
4/20/2022,1338266.9,389575.3,2402206.5,2436224.2,-2663.6,-2147.5,-8941,-8864.3,4/20/2022
4/27/2022,1339942.7,392830.6,2402111.8,2441659.1,-1675.8,-3255.3,94.7,-5434.9,4/27/2022
5/4/2022,1340233,394072.7,2405660,2449415.9,-290.3,-1242.1,-3548.2,-7756.8,5/4/2022
5/11/2022,1343486.2,396105.4,2409769.9,2457904.9,-3253.2,-2032.7,-4109.9,-8489,5/11/2022
5/18/2022,1343071.4,397484.5,2411273.3,2468143.9,414.8,-1379.1,-1503.4,-10239,5/18/2022
5/25/2022,1346884,399640.4,2416155.6,2474127.6,-3812.6,-2155.9,-4882.3,-5983.7,5/25/2022
6/1/2022,1349084.6,401152.5,2421603.4,2480950.3,-2200.6,-1512.1,-5447.8,-6822.7,6/1/2022
6/8/2022,1352141.3,401906.5,2427010.8,2490647.8,-3056.7,-754,-5407.4,-9697.5,6/8/2022
6/15/2022,1353001.5,403276.6,2424023.7,2503234.2,-860.2,-1370.1,2987.1,-12586.4,6/15/2022
6/22/2022,1359532.8,405946.2,2426627.9,2511021,-6531.3,-2669.6,-2604.2,-7786.8,6/22/2022
6/29/2022,1363315.1,408160.7,2430079,2519363.9,-3782.3,-2214.5,-3451.1,-8342.9,6/29/2022
7/6/2022,1364367.4,410002.4,2428432.2,2527795.7,-1052.3,-1841.7,1646.8,-8431.8,7/6/2022
7/13/2022,1366481.2,410295.7,2434570,2534744.8,-2113.8,-293.3,-6137.8,-6949.1,7/13/2022
7/20/2022,1367836.7,412136.5,2440610.4,2544683.3,-1355.5,-1840.8,-6040.4,-9938.5,7/20/2022
7/27/2022,1369272.6,413406,2441364.2,2550106.2,-1435.9,-1269.5,-753.8,-5422.9,7/27/2022
8/3/2022,1370790.3,414333.9,2444145.4,2556438.8,-1517.7,-927.9,-2781.2,-6332.6,8/3/2022
8/10/2022,1372536.5,414846.2,2445326.8,2567587.9,-1746.2,-512.3,-1181.4,-11149.1,8/10/2022
8/17/2022,1373647.3,415437,2447668.5,2573905.6,-1110.8,-590.8,-2341.7,-6317.7,8/17/2022
8/24/2022,1376330.2,416681.6,2451591.6,2579934.4,-2682.9,-1244.6,-3923.1,-6028.8,8/24/2022
8/31/2022,1379664.6,418713.7,2456285.1,2590813.3,-3334.4,-2032.1,-4693.5,-10878.9,8/31/2022
9/7/2022,1379094.5,419403.3,2454773.1,2595164.7,570.1,-689.6,1512,-4351.4,9/7/2022
9/14/2022,1382064.1,419908.9,2458121.2,2601829.6,-2969.6,-505.6,-3348.1,-6664.9,9/14/2022
9/21/2022,1385297,420491.9,2462623.4,2610056.7,-3232.9,-583,-4502.2,-8227.1,9/21/2022
9/28/2022,1386598.2,421953.5,2462861.6,2614911.7,-1301.2,-1461.6,-238.2,-4855,9/28/2022
10/5/2022,1392159.8,423539.5,2461181.7,2623698.6,-5561.6,-1586,1679.9,-8786.9,10/5/2022
10/12/2022,1394371.6,425206,2463543.8,2630657.1,-2211.8,-1666.5,-2362.1,-6958.5,10/12/2022
10/19/2022,1396262.6,425843.7,2467076.3,2639312.1,-1891,-637.7,-3532.5,-8655,10/19/2022
10/26/2022,1396894.4,426923.8,2468287.3,2647418.2,-631.8,-1080.1,-1211,-8106.1,10/26/2022
11/2/2022,1395918.2,428285.9,2468202.8,2655973.2,976.2,-1362.1,84.5,-8555,11/2/2022
11/9/2022,1397733.5,427780,2467010.9,2663464.1,-1815.3,505.9,1191.9,-7490.9,11/9/2022
11/16/2022,1397502.3,427661.9,2471000.1,2672086.7,231.2,118.1,-3989.2,-8622.6,11/16/2022
11/23/2022,1400845.1,429361.2,2472688.5,2679380.2,-3342.8,-1699.3,-1688.4,-7293.5,11/23/2022
11/30/2022,1402571.2,431100.1,2477452.5,2686272.8,-1726.1,-1738.9,-4764,-6892.6,11/30/2022
12/7/2022,1401283.4,431633.3,2474318.3,2745804.6,1287.8,-533.2,3134.2,-59531.8,12/7/2022
12/14/2022,1402785.3,432306.3,2479724.9,2754012,-1501.9,-673,-5406.6,-8207.4,12/14/2022
12/21/2022,1402406.8,432185.2,2484572.9,2763095,378.5,121.1,-4848,-9083,12/21/2022
12/28/2022,1399450.2,432787.3,2481757.6,2769430.5,2956.6,-602.1,2815.3,-6335.5,12/28/2022
1/4/2023,1404109.1,432827.2,2478899.2,2770009.5,-4658.9,-39.9,2858.4,-579,1/4/2023
1/11/2023,1405003.6,436224.7,2473966.7,2775304.4,-894.5,-3397.5,4932.5,-5294.9,1/11/2023
1/18/2023,1409812.9,436895.3,2483909.9,2782896.7,-4809.3,-670.6,-9943.2,-7592.3,1/18/2023
1/25/2023,1409934.8,436832.5,2486382.4,2789533.9,-121.9,62.8,-2472.5,-6637.2,1/25/2023
2/1/2023,1411154.9,438141.5,2486026.9,2795360.8,-1220.1,-1309,355.5,-5826.9,2/1/2023
2/8/2023,1412701.4,438278,2482642.7,2800600.5,-1546.5,-136.5,3384.2,-5239.7,2/8/2023
2/15/2023,1415604.6,439390.7,2490384.1,2809494.9,-2903.2,-1112.7,-7741.4,-8894.4,2/15/2023
2/22/2023,1417609.6,440222.1,2498769.8,2812505.6,-2005,-831.4,-8385.7,-3010.7,2/22/2023
3/1/2023,1417059.9,440610.5,2497128.5,2817638.4,549.7,-388.4,1641.3,-5132.8,3/1/2023
3/8/2023,1420762.6,441639.7,2493798.8,2823059.4,-3702.7,-1029.2,3329.7,-5421,3/8/2023
3/15/2023,1423481.9,442405.5,2502297.3,2829380.6,-2719.3,-765.8,-8498.5,-6321.2,3/15/2023
3/22/2023,1426858.7,442033.7,2504580.7,2798110,-3376.8,371.8,-2283.4,31270.6,3/22/2023
3/29/2023,1429754.5,438799.2,2504523.4,2788389.2,-2895.8,3234.5,57.3,9720.8,3/29/2023
4/5/2023,1427081.4,441038.7,2498624.1,2802311,2673.1,-2239.5,5899.3,-13921.8,4/5/2023
4/12/2023,1426541.1,442924.1,2500551.8,2806155.7,540.3,-1885.4,-1927.7,-3844.7,4/12/2023
4/19/2023,1429061.9,444628.6,2505936.3,2813637.7,-2520.8,-1704.5,-5384.5,-7482,4/19/2023
4/26/2023,1436061.6,446037.3,2510375.3,2819022.8,-6999.7,-1408.7,-4439,-5385.1,4/26/2023
5/3/2023,1437685.3,444213.2,2508790.2,2821941.3,-1623.7,1824.1,1585.1,-2918.5,5/3/2023
5/10/2023,1436984,446514.9,2505954.7,2825815.3,701.3,-2301.7,2835.5,-3874,5/10/2023
5/17/2023,1438468.9,447999.1,2510507.8,2833161.7,-1484.9,-1484.2,-4553.1,-7346.4,5/17/2023
5/24/2023,1437956.1,448724.2,2510258.3,2838780.6,512.8,-725.1,249.5,-5618.9,5/24/2023
5/31/2023,1440008.5,449526.3,2509067.4,2843243.8,-2052.4,-802.1,1190.9,-4463.2,5/31/2023
6/7/2023,1439570.3,450292.2,2486701.6,2844940.6,438.2,-765.9,22365.8,-1696.8,6/7/2023
6/14/2023,1441618.3,449794.4,2486634.3,2848068.3,-2048,497.8,67.3,-3127.7,6/14/2023
6/21/2023,1440797.7,450557.3,2486549.6,2853686.6,820.6,-762.9,84.7,-5618.3,6/21/2023
6/28/2023,1440420.5,450289.4,2484410.9,2856470.5,377.2,267.9,2138.7,-2783.9,6/28/2023
7/5/2023,1432645.2,448701,2476437.7,2860625.5,7775.3,1588.4,7973.2,-4155,7/5/2023
7/12/2023,1431085.1,451835.8,2480357.6,2862815.9,1560.1,-3134.8,-3919.9,-2190.4,7/12/2023
7/19/2023,1433963.2,452698.2,2482988.8,2867642.2,-2878.1,-862.4,-2631.2,-4826.3,7/19/2023
7/26/2023,1435239.4,453176.9,2480815.6,2869119.3,-1276.2,-478.7,2173.2,-1477.1,7/26/2023
8/2/2023,1435225.2,452877.1,2478771,2888638.6,14.2,299.8,2044.6,-19519.3,8/2/2023
8/9/2023,1437108.8,454592.9,2478000.3,2886629.8,-1883.6,-1715.8,770.7,2008.8,8/9/2023
8/16/2023,1437825,455313.4,2485110.2,2890374.1,-716.2,-720.5,-7109.9,-3744.3,8/16/2023
8/23/2023,1440234.7,455710.7,2488197.7,2893845.5,-2409.7,-397.3,-3087.5,-3471.4,8/23/2023
8/30/2023,1443596,456880.1,2491491.9,2894792.3,-3361.3,-1169.4,-3294.2,-946.8,8/30/2023
9/6/2023,1440636,456502.8,2489216.3,2896991.3,2960,377.3,2275.6,-2199,9/6/2023
9/13/2023,1443071.9,456819.4,2492467.3,2899812,-2435.9,-316.6,-3251,-2820.7,9/13/2023
9/20/2023,1444939.3,458348.5,2491128.7,2905508.6,-1867.4,-1529.1,1338.6,-5696.6,9/20/2023
9/27/2023,1445118.7,459088.7,2484133.5,2904855.8,-179.4,-740.2,6995.2,652.8,9/27/2023
10/4/2023,1440788.9,458702.9,2477656.7,2905970.1,4329.8,385.8,6476.8,-1114.3,10/4/2023
10/11/2023,1441686.1,459516.7,2474005.8,2908525.6,-897.2,-813.8,3650.9,-2555.5,10/11/2023
10/18/2023,1443703.3,457807.2,2482080.1,2912128.7,-2017.2,1709.5,-8074.3,-3603.1,10/18/2023
10/25/2023,1446389.2,458410,2483175,2915827.9,-2685.9,-602.8,-1094.9,-3699.2,10/25/2023
11/1/2023,1439859,456825.7,2481650.7,2916865.1,6530.2,1584.3,1524.3,-1037.2,11/1/2023
11/8/2023,1441684.6,457869.2,2479614.3,2918411.1,-1825.6,-1043.5,2036.4,-1546,11/8/2023
11/15/2023,1441361.8,457255.1,2483823.7,2923375.5,322.8,614.1,-4209.4,-4964.4,11/15/2023
11/22/2023,1444191.2,458117.8,2483512.1,2925975.1,-2829.4,-862.7,311.6,-2599.6,11/22/2023
